/multimidias-lelong/    /2024/11/multimidias-lelong/    301
/2021/03/14/diferencas-entre-a-cr-v-lx-e-cr-v-exl/    /2021/03/diferencas-entre-a-cr-v-lx-e-cr-v-exl/    301
/2021/03/14/diferencas-entre-a-cr-v-lx-e-cr-v-exl/amp/    /2021/03/diferencas-entre-a-cr-v-lx-e-cr-v-exl/    301
/2021/03/14/filtro-de-combustivel-honda-cr-v-2007-2011/    /2021/03/filtro-de-combustivel-honda-cr-v-2007-2011/    301
/2021/03/14/filtro-de-combustivel-honda-cr-v-2007-2011/amp/    /2021/03/filtro-de-combustivel-honda-cr-v-2007-2011/    301
/2021/03/14/qual-oleo-utilizar-na-cr-v-2007-2011    /2021/03/qual-oleo-utilizar-na-cr-v-2007-2011    301
/2021/03/14/qual-oleo-utilizar-na-cr-v-2007-2011/    /2021/03/qual-oleo-utilizar-na-cr-v-2007-2011    301
/2021/03/14/valvula-termostatica-honda-cr-v-2007-2011/    /2021/03/valvula-termostatica-honda-cr-v-2007-2011/    301
/2021/03/14/valvula-termostatica-honda-cr-v-2007-2011/amp/    /2021/03/valvula-termostatica-honda-cr-v-2007-2011/    301
/2021/03/25/como-regular-cambagem-traseira-da-cr-v/    /2021/03/como-regular-cambagem-traseira-da-cr-v/    301
/2021/03/25/como-regular-cambagem-traseira-da-cr-v/amp/    /2021/03/como-regular-cambagem-traseira-da-cr-v/    301
/2021/03/27/conhecendo-o-modo-scs-nos-honda/    /2021/03/conhecendo-o-modo-scs-nos-honda/    301
/2021/03/27/conhecendo-o-modo-scs-nos-honda/amp/    /2021/03/conhecendo-o-modo-scs-nos-honda/    301
/2021/03/28/diagnostico-de-problemas-no-abs-sem-scanner/amp/    /2021/03/diagnostico-de-problemas-no-abs-sem-scanner/    301
/2021/03/28/lista-de-codigos-de-erro-em-abs-e-vsa-para-cr-v/    /2021/03/lista-de-codigos-de-erro-em-abs-e-vsa-para-cr-v/    301
/2021/03/28/lista-de-codigos-de-erro-em-abs-e-vsa-para-cr-v/amp/    /2021/03/lista-de-codigos-de-erro-em-abs-e-vsa-para-cr-v/    301
/2021/04/02/suspensao-cr-v-2007-2011-lista-de-pecas/    /2021/04/suspensao-cr-v-2007-2011-lista-de-pecas/    301
/2021/04/02/suspensao-cr-v-2007-2011-lista-de-pecas/amp/    /2021/04/suspensao-cr-v-2007-2011-lista-de-pecas/    301
/2021/04/10/diagnostico-ar-condicionado-digital-cr-v/amp/    /2021/04/diagnostico-ar-condicionado-digital-cr-v/    301
/2021/04/14/chave-do-tipo-canivete-para-honda-cr-v/    /2021/04/chave-do-tipo-canivete-para-honda-cr-v/    301
/2021/04/14/chave-do-tipo-canivete-para-honda-cr-v/amp/    /2021/04/chave-do-tipo-canivete-para-honda-cr-v/    301
/2021/04/15/troca-parcial-atf-cambio-automatico-honda-cr-v/    /2021/04/troca-parcial-atf-cambio-automatico-honda-cr-v/    301
/2021/04/15/troca-parcial-atf-cambio-automatico-honda-cr-v/amp/    /2021/04/troca-parcial-atf-cambio-automatico-honda-cr-v/    301
/2021/04/30/inspecao-troca-de-velas-de-ignicao-honda-cr-v/amp/    /2021/04/inspecao-troca-de-velas-de-ignicao-honda-cr-v/    301
/2021/04/30/manutencao-periodica-honda-cr-v/    /2021/04/manutencao-periodica-honda-cr-v/    301
/2021/04/30/manutencao-periodica-honda-cr-v/amp/    /2021/04/manutencao-periodica-honda-cr-v/    301
/2021/08/14/diagrama-conjunto-mola-amortecedor-honda-cr-v/    /2021/08/diagrama-conjunto-mola-amortecedor-honda-cr-v/    301
/2021/08/14/diagrama-conjunto-mola-amortecedor-honda-cr-v/amp/    /2021/08/diagrama-conjunto-mola-amortecedor-honda-cr-v/    301
/2021/08/14/diagrama-montante-dianteiro-honda-cr-v/amp/    /2021/08/diagrama-montante-dianteiro-honda-cr-v/    301
/2021/08/14/suspensao-dianteira-honda-cr-v-2007-2011/    /2021/08/suspensao-dianteira-honda-cr-v-2007-2011/    301
/2021/08/14/suspensao-dianteira-honda-cr-v-2007-2011/amp/    /2021/08/suspensao-dianteira-honda-cr-v-2007-2011/    301
/2022/01/28/minhas-experiencias-apos-remap/    /2022/01/minhas-experiencias-apos-remap/    301
/2023/07/28/honda-cr-v-montagem-pos-pintura/    /2023/07/honda-cr-v-montagem-pos-pintura/    301
/2023/07/30/troca-lampadas-farol-de-neblina-honda-cr-v-2007-2011/    /2023/07/troca-lampadas-farol-de-neblina-honda-cr-v-2007-2011/    301
/2024/02/23/instalacao-camera-de-re-honda-fit-old-primeira-geracao-2003-ate-2008/    /2024/02/instalacao-camera-de-re-honda-fit-old-primeira-geracao-2003-ate-2008/    301
/2024/02/26/honda-cr-v-catalogo-eletronico-de-pecas-e-manuais-de-servico/    /2024/02/honda-cr-v-catalogo-eletronico-de-pecas-e-manuais-de-servico/    301
/2024/02/26/primeira-troca-de-oleo-e-filtros-da-sportage/    /2024/02/primeira-troca-de-oleo-e-filtros-da-sportage/    301
/2024/03/04/troca-de-oleo-do-cambio/    /2024/03/troca-de-oleo-do-cambio/    301
/2024/03/24/troca-do-fluido-de-freio/    /2024/03/troca-do-fluido-de-freio/    301
/2024/04/05/camera-360-parte-1/    /2024/04/camera-360-parte-1/    301
/2024/04/22/camera-360-parte-2/    /2024/04/camera-360-parte-2/    301
/2024/04/26/camera-360-parte-3/    /2024/04/camera-360-parte-3/    301
/2024/06/12/multimidia-android-conhecendo-o-conector-principal/    /2024/06/multimidia-android-conhecendo-o-conector-principal/    301
/2024/06/12/troca-rolamento-do-fit/    /2024/06/troca-rolamento-do-fit/    301
/2024/07/12/lelong-le-6321/    /2024/07/lelong-le-6321/    301
/about/    /    301
/achados-aliexpress-cr-v/        301
/achados-aliexpress-honda-fit/        301
/achados-do-aliexpress-ferramentas/        301
/achados-do-aliexpress-multimidias-cameras-e-afins/        301
/atualizacoes-das-multimidias/    /2025/02/atualizacoes-das-multimidias/    301
/author/2madera/        301
/category/manutencao/codigos-de-erro/        301
/category/meus-carros/    /    301
/category/meus-carros/feed/    /    301
/category/meus-carros/honda-fit/    /category/honda-fit.html    301
/category/multimidia/    /category/multimidia.html    301
/contato/    /    301
/home/    /    301
/itens-de-revisao-kia-sportage/    /2024/09/itens-de-revisao-kia-sportage/    301
/ofertas-do-aliexpress/    /    301
/page/2/    /    301
/produtos-que-eu-utilizo/    /2023/10/produtos-que-eu-utilizo/    301
/sportage/    /categories/kia-sportage.html    301
/suspensao-honda-fit/    /2024/06/suspensao-honda-fit/    301
/tag/0w20/    /tags/0w20.html    301
/tag/10w30/    /tags/10w30.html    301
/tag/4x4/    /tags/4x4.html    301
/tag/android/    /tags/android.html    301
/tag/arrefecimento/    /tags/arrefecimento.html    301
/tag/cambio-automatico/    /tags/cambio-automatico.html    301
/tag/camera360/    /tags/camera360.html    301
/tag/diagnostico/    /tags/diagnostico.html    301
/tag/fit/    /tags/fit.html    301
/tag/honda-crv/    /tags/honda-crv.html    301
/tag/honda-fit/    /tags/honda-fit.html    301
/tag/kia-sportage/    /tags/kia-sportage.html    301
/tag/motor/    /tags/motor.html    301
/tag/multimidia-2/    /tags/multimidia.html    301
/tag/multimidia/    /tags/multimidia.html    301
/tag/obd2/    /tags/obd2.html    301
/tag/roda/    /tags/roda.html    301